{
  "id": "1729369",
  "name": "icon",
  "font_family": "iconfont",
  "css_prefix_text": "icon-",
  "description": "",
  "glyphs": [
    {
      "icon_id": "450269",
      "name": "公司",
      "font_class": "gongsi",
      "unicode": "e640",
      "unicode_decimal": 58944
    },
    {
      "icon_id": "741853",
      "name": "个人 (1)",
      "font_class": "geren1",
      "unicode": "e613",
      "unicode_decimal": 58899
    },
    {
      "icon_id": "1053833",
      "name": "个人",
      "font_class": "webicon08",
      "unicode": "e672",
      "unicode_decimal": 58994
    },
    {
      "icon_id": "2380633",
      "name": "个人",
      "font_class": "geren",
      "unicode": "e614",
      "unicode_decimal": 58900
    },
    {
      "icon_id": "3837483",
      "name": "公司",
      "font_class": "gongsi1",
      "unicode": "e615",
      "unicode_decimal": 58901
    },
    {
      "icon_id": "4266156",
      "name": "公司",
      "font_class": "gongsi2",
      "unicode": "e713",
      "unicode_decimal": 59155
    },
    {
      "icon_id": "6289610",
      "name": "公司",
      "font_class": "gongsi3",
      "unicode": "e601",
      "unicode_decimal": 58881
    },
    {
      "icon_id": "6901606",
      "name": "公司",
      "font_class": "gongsi4",
      "unicode": "e62f",
      "unicode_decimal": 58927
    },
    {
      "icon_id": "7511492",
      "name": "公司",
      "font_class": "gongsi5",
      "unicode": "e61d",
      "unicode_decimal": 58909
    },
    {
      "icon_id": "9871505",
      "name": "个人",
      "font_class": "geren2",
      "unicode": "e616",
      "unicode_decimal": 58902
    },
    {
      "icon_id": "15061448",
      "name": "公司",
      "font_class": "company",
      "unicode": "e617",
      "unicode_decimal": 58903
    },
    {
      "icon_id": "3050507",
      "name": "修改地址",
      "font_class": "changeAddress",
      "unicode": "e612",
      "unicode_decimal": 58898
    },
    {
      "icon_id": "12553274",
      "name": "11物流信息",
      "font_class": "wuliuxinxi",
      "unicode": "e66a",
      "unicode_decimal": 58986
    },
    {
      "icon_id": "1118014",
      "name": "仪表盘",
      "font_class": "yibiaopan",
      "unicode": "e7a3",
      "unicode_decimal": 59299
    },
    {
      "icon_id": "1667290",
      "name": "仪表盘",
      "font_class": "yibiaopan1",
      "unicode": "e632",
      "unicode_decimal": 58930
    },
    {
      "icon_id": "6992560",
      "name": "仪表盘",
      "font_class": "yibiaopan2",
      "unicode": "e834",
      "unicode_decimal": 59444
    },
    {
      "icon_id": "15644402",
      "name": "仪表盘",
      "font_class": "yibiaopan3",
      "unicode": "e6cf",
      "unicode_decimal": 59087
    },
    {
      "icon_id": "1305474",
      "name": "权限",
      "font_class": "quanxian2",
      "unicode": "e63f",
      "unicode_decimal": 58943
    },
    {
      "icon_id": "5055858",
      "name": "角色管理",
      "font_class": "jiaoseguanli",
      "unicode": "e62e",
      "unicode_decimal": 58926
    },
    {
      "icon_id": "5485641",
      "name": "权限",
      "font_class": "quanxian3",
      "unicode": "e611",
      "unicode_decimal": 58897
    },
    {
      "icon_id": "5644715",
      "name": "用户管理",
      "font_class": "yonghuguanli",
      "unicode": "e600",
      "unicode_decimal": 58880
    },
    {
      "icon_id": "7674877",
      "name": "权限/结构",
      "font_class": "cedaohang-quanxian",
      "unicode": "e711",
      "unicode_decimal": 59153
    },
    {
      "icon_id": "8605760",
      "name": "用户管理",
      "font_class": "yonghuguanli1",
      "unicode": "e667",
      "unicode_decimal": 58983
    },
    {
      "icon_id": "11121424",
      "name": "用户管理",
      "font_class": "yonghuguanli2",
      "unicode": "e633",
      "unicode_decimal": 58931
    },
    {
      "icon_id": "15388180",
      "name": "角色管理",
      "font_class": "jiaoseguanli1",
      "unicode": "e64a",
      "unicode_decimal": 58954
    },
    {
      "icon_id": "689262",
      "name": "类目 品类 分类 类别",
      "font_class": "leimupinleifenleileibie",
      "unicode": "e7f9",
      "unicode_decimal": 59385
    },
    {
      "icon_id": "1028365",
      "name": "数据统计",
      "font_class": "shujutongji",
      "unicode": "e637",
      "unicode_decimal": 58935
    },
    {
      "icon_id": "1667293",
      "name": "用户列表",
      "font_class": "yonghuliebiao",
      "unicode": "e635",
      "unicode_decimal": 58933
    },
    {
      "icon_id": "1687035",
      "name": "分类",
      "font_class": "ziyuan",
      "unicode": "e620",
      "unicode_decimal": 58912
    },
    {
      "icon_id": "1915205",
      "name": "数据统计",
      "font_class": "icon-test1",
      "unicode": "e603",
      "unicode_decimal": 58883
    },
    {
      "icon_id": "2767477",
      "name": "站点数据统计",
      "font_class": "zhandianshujutongji",
      "unicode": "e63e",
      "unicode_decimal": 58942
    },
    {
      "icon_id": "3283213",
      "name": "用户列表",
      "font_class": "user-list",
      "unicode": "e60a",
      "unicode_decimal": 58890
    },
    {
      "icon_id": "3285903",
      "name": "权限列表",
      "font_class": "permissions-list",
      "unicode": "e619",
      "unicode_decimal": 58905
    },
    {
      "icon_id": "3591471",
      "name": "商品列表",
      "font_class": "shangpinliebiao",
      "unicode": "e639",
      "unicode_decimal": 58937
    },
    {
      "icon_id": "5729759",
      "name": "数据统计",
      "font_class": "shujutongji1",
      "unicode": "e60b",
      "unicode_decimal": 58891
    },
    {
      "icon_id": "6010948",
      "name": "分类",
      "font_class": "fenlei",
      "unicode": "e623",
      "unicode_decimal": 58915
    },
    {
      "icon_id": "6429675",
      "name": "用户列表",
      "font_class": "ico-",
      "unicode": "e817",
      "unicode_decimal": 59415
    },
    {
      "icon_id": "6554427",
      "name": "订单列表",
      "font_class": "dingdanliebiao",
      "unicode": "e668",
      "unicode_decimal": 58984
    },
    {
      "icon_id": "7159322",
      "name": "角色列表",
      "font_class": "jiaoseliebiao",
      "unicode": "e610",
      "unicode_decimal": 58896
    },
    {
      "icon_id": "7473686",
      "name": "订单管理",
      "font_class": "dingdanguanli",
      "unicode": "e61c",
      "unicode_decimal": 58908
    },
    {
      "icon_id": "7474657",
      "name": "商品管理",
      "font_class": "shangpinguanli",
      "unicode": "e604",
      "unicode_decimal": 58884
    },
    {
      "icon_id": "7499627",
      "name": "商品列表",
      "font_class": "shangpinliebiao1",
      "unicode": "e60c",
      "unicode_decimal": 58892
    },
    {
      "icon_id": "8118860",
      "name": "数据报表",
      "font_class": "shujubaobiao",
      "unicode": "e647",
      "unicode_decimal": 58951
    },
    {
      "icon_id": "8348114",
      "name": "订单—列表",
      "font_class": "dingdanliebiao1",
      "unicode": "e719",
      "unicode_decimal": 59161
    },
    {
      "icon_id": "8387806",
      "name": "数据报表",
      "font_class": "shujubaobiao1",
      "unicode": "e6a0",
      "unicode_decimal": 59040
    },
    {
      "icon_id": "13168414",
      "name": "权限",
      "font_class": "quanxian",
      "unicode": "e60d",
      "unicode_decimal": 58893
    },
    {
      "icon_id": "14033570",
      "name": "权限",
      "font_class": "quanxian1",
      "unicode": "e7ae",
      "unicode_decimal": 59310
    },
    {
      "icon_id": "15089312",
      "name": "数据报表",
      "font_class": "shujubaobiao2",
      "unicode": "e60e",
      "unicode_decimal": 58894
    },
    {
      "icon_id": "15669530",
      "name": "订单列表-01",
      "font_class": "dingdanliebiao-01",
      "unicode": "e60f",
      "unicode_decimal": 58895
    },
    {
      "icon_id": "954224",
      "name": "密码",
      "font_class": "mima",
      "unicode": "e69f",
      "unicode_decimal": 59039
    },
    {
      "icon_id": "7515705",
      "name": "密码",
      "font_class": "mima1",
      "unicode": "e608",
      "unicode_decimal": 58888
    },
    {
      "icon_id": "11459724",
      "name": "用户",
      "font_class": "yonghu",
      "unicode": "e609",
      "unicode_decimal": 58889
    },
    {
      "icon_id": "5423733",
      "name": "刷新",
      "font_class": "z",
      "unicode": "e634",
      "unicode_decimal": 58932
    },
    {
      "icon_id": "8777649",
      "name": "social_sina",
      "font_class": "icon-test",
      "unicode": "e65d",
      "unicode_decimal": 58973
    },
    {
      "icon_id": "13817987",
      "name": "HOME",
      "font_class": "HOME",
      "unicode": "e602",
      "unicode_decimal": 58882
    },
    {
      "icon_id": "13819196",
      "name": "GUA DUAN",
      "font_class": "GUADUAN",
      "unicode": "e605",
      "unicode_decimal": 58885
    },
    {
      "icon_id": "13819198",
      "name": "CALL",
      "font_class": "CALL",
      "unicode": "e606",
      "unicode_decimal": 58886
    },
    {
      "icon_id": "13819213",
      "name": "SOU SUO",
      "font_class": "SOUSUO",
      "unicode": "e607",
      "unicode_decimal": 58887
    }
  ]
}
